<?xml version="1.0" encoding="UTF-8" standalone="yes"?>
<addon id="plugin.program.theone.wizard" name="The One Wizard" version="1.0" provider-name="Marco Nogueira">
  <requires>
    <import addon="xbmc.python" version="2.1.0"/>
  </requires>
  <extension point="xbmc.python.pluginsource" library="default.py">
    <provides>executable</provides>
  </extension>
  <extension point="xbmc.service" library="startup.py" start="startup" />
  <extension point="xbmc.addon.metadata">
    <summary lang="en">The One Wizard</summary>
    <description lang="en">The One Wizard allows you to get access to the latest The One Custom Builds.</description>
    <platform>all</platform>
  </extension>
</addon>