﻿<?xml version="1.0" encoding="UTF-8" standalone="yes"?>
<addon id="repo.theone" name="The one repository" version="1.0" provider-name="Marco Nogueira">
	<extension point="xbmc.addon.repository" name="The one repository">
		<info compressed="false">https://github.com/theonekodi/repo.theone/blob/master/addons.xml</info>
		<checksum>https://github.com/theonekodi/repo.theone/blob/master/addons.xml.md5</checksum>
		<datadir zip="true">https://github.com/theonekodi/repo.theone/blob/master/repo.theone/</datadir>
	</extension>
	<extension point="xbmc.addon.metadata">
		<summary>Addons</summary>
		<description>best fou you</description>
		<disclaimer></disclaimer>
		<platform>all</platform>
	</extension>
</addon>