<?xml version="1.0" encoding="UTF-8" standalone="yes"?>
<addon id="plugin.video.marco.nogueira" name="Marco Nogueira Wizard" version="2.0" provider-name="Marco Nogueira">
  <requires>
    <import addon="xbmc.python" version="2.1.0"/>
  </requires>
  <extension point="xbmc.python.pluginsource" library="default.py">
        <provides>program executable</provides>
  </extension>
  <extension point="xbmc.addon.metadata">
		<summary lang="en">Bem Vindo ao Marco Nogueira Wizard</summary>
		<description lang="en">Este softwere é feito para instalar a minhas biulds</description>
		<disclaimer lang="en">For help and support ... WWW.kodihelp.COM</disclaimer>
		<platform>all</platform>
	</extension>
</addon>
